timestamp,username,ip_address,status
2025-09-01 23:49:00,bob,192.168.1.24,success
2025-09-03 12:53:00,frank,192.168.1.23,success
2025-09-04 11:50:00,eve,192.168.1.12,failure
2025-09-01 23:52:00,bob,192.168.1.15,success
2025-09-06 18:26:00,bob,192.168.1.16,success
2025-09-05 10:42:00,eve,192.168.1.25,success
2025-09-03 00:10:00,charlie,192.168.1.21,failure
2025-09-01 17:33:00,charlie,192.168.1.11,success
2025-09-03 05:16:00,eve,192.168.1.21,success
2025-09-03 15:18:00,alice,192.168.1.18,success
2025-09-06 13:34:00,alice,192.168.1.19,failure
2025-09-07 17:56:00,eve,192.168.1.19,failure
2025-09-08 03:00:00,frank,192.168.1.23,failure
2025-09-06 23:31:00,alice,192.168.1.10,success
2025-09-02 15:05:00,bob,192.168.1.15,success
2025-09-07 13:56:00,charlie,192.168.1.23,success
2025-09-08 01:33:00,bob,192.168.1.16,failure
2025-09-07 20:25:00,david,192.168.1.10,failure
2025-09-01 21:48:00,eve,192.168.1.11,failure
2025-09-01 18:02:00,charlie,192.168.1.19,failure
2025-09-02 11:16:00,david,192.168.1.29,success
2025-09-05 15:04:00,alice,192.168.1.10,success
2025-09-06 22:40:00,eve,192.168.1.20,failure
2025-09-06 07:56:00,charlie,192.168.1.27,failure
2025-09-03 00:12:00,frank,192.168.1.22,success
2025-09-02 14:52:00,frank,192.168.1.19,success
2025-09-02 13:13:00,frank,192.168.1.20,failure
2025-09-07 03:46:00,bob,192.168.1.22,failure
2025-09-03 15:46:00,david,192.168.1.28,success
2025-09-04 01:16:00,david,192.168.1.20,success
2025-09-07 07:26:00,eve,192.168.1.27,success
2025-09-08 03:52:00,charlie,192.168.1.19,failure
2025-09-06 14:53:00,eve,192.168.1.20,success
2025-09-07 18:42:00,charlie,192.168.1.13,success
2025-09-06 03:28:00,david,192.168.1.21,success
2025-09-08 00:06:00,eve,192.168.1.29,success
2025-09-02 05:41:00,charlie,192.168.1.14,failure
2025-09-04 04:17:00,alice,192.168.1.13,failure
2025-09-03 17:24:00,alice,192.168.1.28,failure
2025-09-03 23:41:00,charlie,192.168.1.22,failure
2025-09-03 18:48:00,alice,192.168.1.26,success
2025-09-02 12:48:00,charlie,192.168.1.13,success
2025-09-07 02:22:00,frank,192.168.1.23,success
2025-09-02 06:14:00,david,192.168.1.12,failure
2025-09-01 13:44:00,alice,192.168.1.22,success
2025-09-06 07:06:00,frank,192.168.1.24,failure
2025-09-05 23:15:00,alice,192.168.1.23,success
2025-09-04 03:01:00,frank,192.168.1.29,success
2025-09-02 12:21:00,bob,192.168.1.18,failure
2025-09-02 18:29:00,charlie,192.168.1.21,success
2025-09-07 01:40:00,eve,192.168.1.23,success
2025-09-06 22:22:00,frank,192.168.1.23,success
2025-09-06 12:07:00,charlie,192.168.1.13,success
2025-09-07 10:34:00,frank,192.168.1.24,success
2025-09-03 06:19:00,frank,192.168.1.15,success
2025-09-04 00:36:00,alice,192.168.1.29,success
2025-09-07 09:41:00,bob,192.168.1.11,failure
2025-09-07 06:19:00,frank,192.168.1.26,success
2025-09-03 09:39:00,frank,192.168.1.21,success
2025-09-08 01:23:00,david,192.168.1.18,success
2025-09-05 01:10:00,bob,192.168.1.26,success
2025-09-01 16:23:00,charlie,192.168.1.25,success
2025-09-07 16:20:00,bob,192.168.1.12,success
2025-09-02 02:32:00,david,192.168.1.10,success
2025-09-04 16:32:00,bob,192.168.1.19,failure
2025-09-06 12:31:00,bob,192.168.1.25,failure
2025-09-06 08:00:00,david,192.168.1.24,failure
2025-09-04 23:08:00,david,192.168.1.12,success
2025-09-07 16:44:00,alice,192.168.1.11,success
2025-09-05 11:01:00,eve,192.168.1.10,failure
2025-09-02 18:24:00,eve,192.168.1.28,success
2025-09-03 22:17:00,eve,192.168.1.19,failure
2025-09-07 13:22:00,eve,192.168.1.23,success
2025-09-01 12:23:00,alice,192.168.1.23,failure
2025-09-06 09:19:00,frank,192.168.1.13,success
2025-09-02 10:32:00,charlie,192.168.1.26,failure
2025-09-05 18:03:00,charlie,192.168.1.29,success
2025-09-03 04:59:00,frank,192.168.1.17,failure
2025-09-05 22:15:00,eve,192.168.1.21,failure
2025-09-02 13:17:00,eve,192.168.1.25,failure
2025-09-06 11:01:00,bob,192.168.1.14,failure
2025-09-06 19:48:00,bob,192.168.1.16,failure
2025-09-06 17:33:00,david,192.168.1.16,success
2025-09-04 23:49:00,alice,192.168.1.25,success
2025-09-07 10:23:00,charlie,192.168.1.23,failure
2025-09-02 23:51:00,charlie,192.168.1.22,success
2025-09-05 15:11:00,charlie,192.168.1.10,failure
2025-09-05 14:57:00,bob,192.168.1.24,success
2025-09-01 17:30:00,eve,192.168.1.24,failure
2025-09-04 16:59:00,frank,192.168.1.11,success
2025-09-04 01:08:00,alice,192.168.1.26,success
2025-09-02 06:44:00,frank,192.168.1.24,success
2025-09-07 06:34:00,alice,192.168.1.13,failure
2025-09-07 06:58:00,bob,192.168.1.20,success
2025-09-04 06:15:00,eve,192.168.1.15,success
2025-09-02 01:23:00,david,192.168.1.18,failure
2025-09-06 04:26:00,frank,192.168.1.14,success
2025-09-04 21:46:00,alice,192.168.1.13,success
2025-09-06 12:00:00,charlie,192.168.1.12,success
2025-09-04 10:44:00,charlie,192.168.1.27,success
2025-09-05 15:33:00,charlie,192.168.1.24,success
2025-09-02 10:23:00,alice,192.168.1.24,success
2025-09-01 20:37:00,alice,192.168.1.11,success
2025-09-08 00:12:00,alice,192.168.1.10,success
2025-09-03 19:26:00,frank,192.168.1.20,success
2025-09-04 06:05:00,charlie,192.168.1.19,success
2025-09-05 20:48:00,david,192.168.1.10,success
2025-09-02 16:34:00,bob,192.168.1.13,failure
2025-09-02 04:44:00,david,192.168.1.15,success
2025-09-04 17:23:00,charlie,192.168.1.29,success
2025-09-02 03:15:00,frank,192.168.1.24,failure
2025-09-01 23:24:00,eve,192.168.1.14,failure
2025-09-08 04:26:00,frank,192.168.1.23,success
2025-09-03 04:50:00,eve,192.168.1.16,success
2025-09-03 10:44:00,charlie,192.168.1.18,success
2025-09-03 09:10:00,eve,192.168.1.11,success
2025-09-02 05:39:00,frank,192.168.1.11,success
2025-09-04 02:05:00,charlie,192.168.1.28,success
2025-09-02 10:52:00,alice,192.168.1.21,success
2025-09-06 23:45:00,alice,192.168.1.15,failure
